item_id,category_id,semantic,fine-grained
156931171,241,bottoms,pants
208594689,9,bottoms,skirt
195946605,240,bottoms,jeans
173677969,28,bottoms,pants
173236882,4452,bottoms,jeans
172302799,10,bottoms,long skirt
126470179,255,bottoms,shorts
7109032,237,bottoms,jeans
37614300,310,bottoms,jeans
209842282,332,bottoms,pants
146216380,241,bottoms,pants
182401293,28,bottoms,pants
190634963,9,bottoms,skirt
195070550,237,bottoms,jeans
190422133,237,bottoms,jeans
135940371,29,bottoms,shorts
105782956,29,bottoms,shorts
103033103,27,bottoms,jeans
189639764,237,bottoms,jeans
178475928,28,bottoms,pants
203527526,310,bottoms,jeans
213721206,240,bottoms,jeans
135695313,27,bottoms,jeans
195984406,237,bottoms,jeans
208111481,7,bottoms,skirt
53208411,237,bottoms,jeans
194289463,9,bottoms,skirt
7341308,278,bottoms,male jeans
17300188,237,bottoms,jeans
164333459,240,bottoms,jeans
357896,27,bottoms,jeans
146337069,8,bottoms,skirt
150957524,237,bottoms,jeans
136243487,237,bottoms,jeans
202623837,29,bottoms,shorts
181817397,237,bottoms,jeans
211056395,29,bottoms,shorts
141789192,253,bottoms,sweatpants
190308595,29,bottoms,shorts
149962094,310,bottoms,jeans
159866474,253,bottoms,sweatpants
151628338,237,bottoms,jeans
160386226,332,bottoms,pants
149624572,27,bottoms,jeans
185314980,28,bottoms,pants
202169736,29,bottoms,shorts
212014116,29,bottoms,shorts
148910854,332,bottoms,pants
141480213,29,bottoms,shorts
117767358,237,bottoms,jeans
188970687,28,bottoms,pants
191657407,9,bottoms,skirt
191548237,9,bottoms,skirt
188089939,9,bottoms,skirt
180595815,8,bottoms,skirt
179901572,28,bottoms,pants
213371714,28,bottoms,pants
211453732,29,bottoms,shorts
179043963,310,bottoms,jeans
200977517,332,bottoms,pants
192916043,237,bottoms,jeans
206077032,237,bottoms,jeans
176228625,29,bottoms,shorts
194081815,27,bottoms,jeans
202565934,9,bottoms,skirt
191204781,28,bottoms,pants
188573717,7,bottoms,skirt
105459290,240,bottoms,jeans
170067152,10,bottoms,long skirt
168485787,28,bottoms,pants
158286135,237,bottoms,jeans
204675663,240,bottoms,jeans
167254818,28,bottoms,pants
169929692,241,bottoms,pants
204766842,9,bottoms,skirt
123084094,29,bottoms,shorts
206252930,237,bottoms,jeans
206780505,310,bottoms,jeans
193709308,240,bottoms,jeans
179600684,310,bottoms,jeans
195908508,9,bottoms,skirt
115968221,237,bottoms,jeans
209018096,9,bottoms,skirt
192581765,9,bottoms,skirt
147078767,29,bottoms,shorts
163173230,28,bottoms,pants
144924757,9,bottoms,skirt
202998931,29,bottoms,shorts
207097697,28,bottoms,pants
164447605,240,bottoms,jeans
164325549,29,bottoms,shorts
208570322,8,bottoms,skirt
210185108,8,bottoms,skirt
213025862,9,bottoms,skirt
144376459,8,bottoms,skirt
214761438,29,bottoms,shorts
128186252,8,bottoms,skirt
19374484,27,bottoms,jeans
159130697,8,bottoms,skirt
191900621,28,bottoms,pants
179992648,27,bottoms,jeans
209970948,241,bottoms,pants
128381283,255,bottoms,shorts
156047829,237,bottoms,jeans
209511133,29,bottoms,shorts
199982189,249,bottoms,pyjama pants
207135435,27,bottoms,jeans
188037019,8,bottoms,skirt
131938973,29,bottoms,shorts
191500499,237,bottoms,jeans
134703787,9,bottoms,skirt
191635799,27,bottoms,jeans
162390287,29,bottoms,shorts
206909048,29,bottoms,shorts
161425425,237,bottoms,jeans
193895816,237,bottoms,jeans
193041188,310,bottoms,jeans
144344255,27,bottoms,jeans
151833640,240,bottoms,jeans
195362098,7,bottoms,skirt
133905862,29,bottoms,shorts
190431462,9,bottoms,skirt
186632675,9,bottoms,skirt
207884875,310,bottoms,jeans
203936761,240,bottoms,jeans
160716770,278,bottoms,male jeans
193433031,8,bottoms,skirt
194156971,9,bottoms,skirt
181252722,237,bottoms,jeans
200522119,240,bottoms,jeans
195538811,9,bottoms,skirt
193064929,28,bottoms,pants
170469525,237,bottoms,jeans
181595945,237,bottoms,jeans
185069779,28,bottoms,pants
163734517,237,bottoms,jeans
211631737,29,bottoms,shorts
168840751,241,bottoms,pants
210575413,29,bottoms,shorts
214575717,29,bottoms,shorts
188885513,8,bottoms,skirt
190965319,29,bottoms,shorts
134697458,29,bottoms,shorts
214187821,29,bottoms,shorts
145604273,9,bottoms,skirt
172192313,27,bottoms,jeans
48778872,237,bottoms,jeans
152559048,237,bottoms,jeans
212409913,310,bottoms,jeans
179709015,28,bottoms,pants
176759880,8,bottoms,skirt
214249489,29,bottoms,shorts
177354620,28,bottoms,pants
183555557,28,bottoms,pants
141696589,241,bottoms,pants
178336325,240,bottoms,jeans
202142386,9,bottoms,skirt
191318958,9,bottoms,skirt
195621107,9,bottoms,skirt
155628083,237,bottoms,jeans
195793257,241,bottoms,pants
194103700,9,bottoms,skirt
192276404,28,bottoms,pants
115109200,29,bottoms,shorts
142693946,253,bottoms,sweatpants
155627407,237,bottoms,jeans
158759046,237,bottoms,jeans
214699628,9,bottoms,skirt
171586944,29,bottoms,shorts
182195988,10,bottoms,long skirt
196974937,8,bottoms,skirt
164214518,8,bottoms,skirt
179863175,240,bottoms,jeans
143406902,4452,bottoms,jeans
192936165,9,bottoms,skirt
172480787,240,bottoms,jeans
181436915,9,bottoms,skirt
166507678,29,bottoms,shorts
209584693,9,bottoms,skirt
191315593,28,bottoms,pants
209267133,29,bottoms,shorts
66944616,237,bottoms,jeans
209107198,29,bottoms,shorts
206092844,28,bottoms,pants
207607469,240,bottoms,jeans
204319004,4452,bottoms,jeans
200298832,237,bottoms,jeans
167274155,240,bottoms,jeans
151156978,310,bottoms,jeans
194237932,28,bottoms,pants
93410653,237,bottoms,jeans
169734605,332,bottoms,pants
141111443,237,bottoms,jeans
138082699,8,bottoms,skirt
196985944,27,bottoms,jeans
200015403,237,bottoms,jeans
183747694,332,bottoms,pants
207572022,240,bottoms,jeans
204256121,29,bottoms,shorts
142904604,29,bottoms,shorts
199006824,8,bottoms,skirt
143218272,27,bottoms,jeans
178898080,9,bottoms,skirt
196574702,237,bottoms,jeans
143334616,10,bottoms,long skirt
192748207,28,bottoms,pants
170357950,237,bottoms,jeans
203606281,9,bottoms,skirt
199647675,253,bottoms,sweatpants
203506160,27,bottoms,jeans
205037299,9,bottoms,skirt
202957146,27,bottoms,jeans
171078786,4518,bottoms,swimsuit bottom
34519725,28,bottoms,pants
182590878,240,bottoms,jeans
167707388,28,bottoms,pants
197225250,9,bottoms,skirt
196660196,27,bottoms,jeans
157269406,253,bottoms,sweatpants
200796374,29,bottoms,shorts
214761331,28,bottoms,pants
186591509,237,bottoms,jeans
212086671,240,bottoms,jeans
205950466,29,bottoms,shorts
213299575,240,bottoms,jeans
193479520,237,bottoms,jeans
154718374,27,bottoms,jeans
206916896,9,bottoms,skirt
192907404,241,bottoms,pants
77452725,29,bottoms,shorts
147322894,28,bottoms,pants
194011366,29,bottoms,shorts
160147412,7,bottoms,skirt
201020326,237,bottoms,jeans
30022896,27,bottoms,jeans
132832237,237,bottoms,jeans
104609315,27,bottoms,jeans
143901893,240,bottoms,jeans
187252814,8,bottoms,skirt
143614515,240,bottoms,jeans
192010425,332,bottoms,pants
203028726,332,bottoms,pants
163130187,332,bottoms,pants
153224897,28,bottoms,pants
214409065,332,bottoms,pants
184121335,237,bottoms,jeans
193092733,332,bottoms,pants
204784322,9,bottoms,skirt
191641998,28,bottoms,pants
205118876,237,bottoms,jeans
121810378,237,bottoms,jeans
208184934,237,bottoms,jeans
131745589,28,bottoms,pants
186691616,27,bottoms,jeans
202324482,9,bottoms,skirt
204121597,332,bottoms,pants
150920873,29,bottoms,shorts
163037167,28,bottoms,pants
154718285,240,bottoms,jeans
174123002,8,bottoms,skirt
192392263,8,bottoms,skirt
202169901,29,bottoms,shorts
187398281,27,bottoms,jeans
201528049,29,bottoms,shorts
181266781,8,bottoms,skirt
195661942,240,bottoms,jeans
110183291,29,bottoms,shorts
187619920,8,bottoms,skirt
95409378,241,bottoms,pants
186497926,237,bottoms,jeans
210923709,9,bottoms,skirt
151937864,7,bottoms,skirt
128005612,28,bottoms,pants
145055992,9,bottoms,skirt
165577263,237,bottoms,jeans
204635166,9,bottoms,skirt
141316152,28,bottoms,pants
206294739,29,bottoms,shorts
124300251,278,bottoms,male jeans
206072364,4452,bottoms,jeans
162183337,27,bottoms,jeans
156913620,29,bottoms,shorts
129574936,28,bottoms,pants
212939268,240,bottoms,jeans
158334206,237,bottoms,jeans
203523470,9,bottoms,skirt
191762902,9,bottoms,skirt
174783612,237,bottoms,jeans
207800082,239,bottoms,jeans
203360556,27,bottoms,jeans
173492799,7,bottoms,skirt
171356827,29,bottoms,shorts
214762201,9,bottoms,skirt
163506458,29,bottoms,shorts
174895749,29,bottoms,shorts
163529823,237,bottoms,jeans
197547572,237,bottoms,jeans
78954926,7,bottoms,skirt
157932574,237,bottoms,jeans
157874181,28,bottoms,pants
182624901,8,bottoms,skirt
148934133,27,bottoms,jeans
214794246,29,bottoms,shorts
164221626,28,bottoms,pants
172937265,9,bottoms,skirt
124925531,9,bottoms,skirt
208113463,9,bottoms,skirt
183870171,8,bottoms,skirt
182382122,310,bottoms,jeans
137677357,29,bottoms,shorts
210181103,27,bottoms,jeans
154732437,8,bottoms,skirt
965144,27,bottoms,jeans
142423165,9,bottoms,skirt
129515977,28,bottoms,pants
208846890,4452,bottoms,jeans
142384231,237,bottoms,jeans
148895554,237,bottoms,jeans
183713664,27,bottoms,jeans
133228951,29,bottoms,shorts
176705997,29,bottoms,shorts
194551171,8,bottoms,skirt
209521954,29,bottoms,shorts
169300996,240,bottoms,jeans
155608436,29,bottoms,shorts
190658274,237,bottoms,jeans
204207485,237,bottoms,jeans
171702368,29,bottoms,shorts
208178722,240,bottoms,jeans
204837602,28,bottoms,pants
42874105,27,bottoms,jeans
162268934,28,bottoms,pants
189461998,8,bottoms,skirt
156963159,7,bottoms,skirt
157168971,28,bottoms,pants
201588521,237,bottoms,jeans
177509833,29,bottoms,shorts
128188619,237,bottoms,jeans
195132037,237,bottoms,jeans
205434006,29,bottoms,shorts
211660551,29,bottoms,shorts
193230700,29,bottoms,shorts
173449876,29,bottoms,shorts
161520890,8,bottoms,skirt
190304151,27,bottoms,jeans
206380736,9,bottoms,skirt
169965794,29,bottoms,shorts
186305691,27,bottoms,jeans
174532279,9,bottoms,skirt
209045970,29,bottoms,shorts
179309477,9,bottoms,skirt
179701701,29,bottoms,shorts
214409572,239,bottoms,jeans
214249836,29,bottoms,shorts
49487127,240,bottoms,jeans
191626639,241,bottoms,pants
165841449,28,bottoms,pants
180620024,332,bottoms,pants
213941585,10,bottoms,long skirt
181290687,241,bottoms,pants
136487099,29,bottoms,shorts
175904504,332,bottoms,pants
187410532,28,bottoms,pants
23411964,237,bottoms,jeans
192475726,28,bottoms,pants
128869353,237,bottoms,jeans
191643089,27,bottoms,jeans
203949164,239,bottoms,jeans
195266256,9,bottoms,skirt
129496083,8,bottoms,skirt
167261262,237,bottoms,jeans
207847360,29,bottoms,shorts
212370969,28,bottoms,pants
125278537,29,bottoms,shorts
159820619,9,bottoms,skirt
172576651,8,bottoms,skirt
200031973,9,bottoms,skirt
68161077,28,bottoms,pants
195286830,310,bottoms,jeans
157703867,29,bottoms,shorts
204093697,29,bottoms,shorts
60746056,310,bottoms,jeans
192418275,28,bottoms,pants
152239935,253,bottoms,sweatpants
213944881,9,bottoms,skirt
197430302,332,bottoms,pants
129380266,29,bottoms,shorts
206904294,240,bottoms,jeans
187519408,8,bottoms,skirt
204883726,29,bottoms,shorts
182453234,240,bottoms,jeans
175317027,29,bottoms,shorts
129606749,27,bottoms,jeans
211587665,29,bottoms,shorts
205962115,28,bottoms,pants
176985956,28,bottoms,pants
172578712,29,bottoms,shorts
88419950,29,bottoms,shorts
159179436,28,bottoms,pants
184072472,28,bottoms,pants
191885488,310,bottoms,jeans
204623384,28,bottoms,pants
210460072,8,bottoms,skirt
28530479,27,bottoms,jeans
154710267,240,bottoms,jeans
192763527,237,bottoms,jeans
149311724,237,bottoms,jeans
164708044,28,bottoms,pants
194094243,28,bottoms,pants
133965781,27,bottoms,jeans
210435426,27,bottoms,jeans
210435424,27,bottoms,jeans
192660219,240,bottoms,jeans
195127160,27,bottoms,jeans
150210535,237,bottoms,jeans
138733391,237,bottoms,jeans
185858107,9,bottoms,skirt
183807262,253,bottoms,sweatpants
213016860,9,bottoms,skirt
213458656,29,bottoms,shorts
187301330,27,bottoms,jeans
64341000,28,bottoms,pants
186145943,241,bottoms,pants
161495016,255,bottoms,shorts
209175395,29,bottoms,shorts
151545806,237,bottoms,jeans
161435094,29,bottoms,shorts
140684089,8,bottoms,skirt
185314716,8,bottoms,skirt
167699264,239,bottoms,jeans
183517229,27,bottoms,jeans
57813148,28,bottoms,pants
209170927,8,bottoms,skirt
181800572,237,bottoms,jeans
203393926,29,bottoms,shorts
204379843,8,bottoms,skirt
202407552,27,bottoms,jeans
200801620,240,bottoms,jeans
195873414,29,bottoms,shorts
95881915,27,bottoms,jeans
188751300,28,bottoms,pants
188839088,29,bottoms,shorts
179805495,28,bottoms,pants
181451601,239,bottoms,jeans
172513274,28,bottoms,pants
210517719,8,bottoms,skirt
183803986,9,bottoms,skirt
202636418,9,bottoms,skirt
209736149,237,bottoms,jeans
195127827,240,bottoms,jeans
174187608,8,bottoms,skirt
205806501,9,bottoms,skirt
196053632,8,bottoms,skirt
194750247,27,bottoms,jeans
173713845,29,bottoms,shorts
201926008,27,bottoms,jeans
173556240,29,bottoms,shorts
143083852,29,bottoms,shorts
138610347,9,bottoms,skirt
184702914,253,bottoms,sweatpants
193779427,29,bottoms,shorts
207961011,27,bottoms,jeans
201480472,29,bottoms,shorts
202309524,9,bottoms,skirt
211654529,27,bottoms,jeans
195189469,27,bottoms,jeans
165327764,241,bottoms,pants
191895883,29,bottoms,shorts
155432443,8,bottoms,skirt
190753511,9,bottoms,skirt
147380868,237,bottoms,jeans
157704244,4452,bottoms,jeans
171423290,29,bottoms,shorts
73024465,8,bottoms,skirt
191778796,7,bottoms,skirt
203129685,4518,bottoms,swimsuit bottom
182327689,240,bottoms,jeans
200562692,8,bottoms,skirt
186506828,241,bottoms,pants
146267690,8,bottoms,skirt
152960795,240,bottoms,jeans
127894146,241,bottoms,pants
188057571,9,bottoms,skirt
66944583,237,bottoms,jeans
210232487,237,bottoms,jeans
149682245,9,bottoms,skirt
156768765,28,bottoms,pants
188596558,237,bottoms,jeans
191579109,9,bottoms,skirt
129525951,29,bottoms,shorts
193026476,9,bottoms,skirt
177170591,8,bottoms,skirt
156303189,8,bottoms,skirt
167679807,237,bottoms,jeans
193729188,237,bottoms,jeans
181439133,28,bottoms,pants
211542202,29,bottoms,shorts
191942764,9,bottoms,skirt
136705918,29,bottoms,shorts
172914076,4452,bottoms,jeans
214346897,237,bottoms,jeans
211471438,237,bottoms,jeans
186533183,9,bottoms,skirt
140987141,237,bottoms,jeans
126810323,240,bottoms,jeans
211362592,28,bottoms,pants
66092503,237,bottoms,jeans
182817912,28,bottoms,pants
159934010,9,bottoms,skirt
60424047,28,bottoms,pants
144159688,8,bottoms,skirt
209481393,29,bottoms,shorts
180488878,7,bottoms,skirt
180387593,8,bottoms,skirt
215459902,9,bottoms,skirt
185191558,9,bottoms,skirt
198348554,241,bottoms,pants
162805790,29,bottoms,shorts
171924826,240,bottoms,jeans
157616693,28,bottoms,pants
203965058,29,bottoms,shorts
193658894,237,bottoms,jeans
154197218,9,bottoms,skirt
209831412,29,bottoms,shorts
136274661,29,bottoms,shorts
177417385,28,bottoms,pants
187289581,237,bottoms,jeans
209481395,29,bottoms,shorts
206532131,9,bottoms,skirt
194389399,9,bottoms,skirt
62977412,237,bottoms,jeans
181678726,27,bottoms,jeans
179839841,9,bottoms,skirt
153481061,8,bottoms,skirt
167430962,241,bottoms,pants
202126507,240,bottoms,jeans
195240817,8,bottoms,skirt
203717552,28,bottoms,pants
207210865,29,bottoms,shorts
196405329,241,bottoms,pants
209447485,29,bottoms,shorts
207459533,29,bottoms,shorts
214019978,29,bottoms,shorts
60399018,237,bottoms,jeans
146164074,29,bottoms,shorts
51398686,29,bottoms,shorts
170546933,29,bottoms,shorts
172419110,239,bottoms,jeans
102283632,240,bottoms,jeans
213243001,237,bottoms,jeans
188754754,240,bottoms,jeans
198345101,237,bottoms,jeans
142384796,27,bottoms,jeans
155441526,237,bottoms,jeans
119078663,237,bottoms,jeans
189960191,28,bottoms,pants
196932277,9,bottoms,skirt
203974304,9,bottoms,skirt
141882523,237,bottoms,jeans
124177956,237,bottoms,jeans
172528770,8,bottoms,skirt
159449744,237,bottoms,jeans
202758890,28,bottoms,pants
179904105,310,bottoms,jeans
184087679,28,bottoms,pants
125152310,241,bottoms,pants
181840166,237,bottoms,jeans
127189106,4452,bottoms,jeans
210216777,278,bottoms,male jeans
208607631,9,bottoms,skirt
131644866,253,bottoms,sweatpants
172517156,28,bottoms,pants
165308099,28,bottoms,pants
128112476,237,bottoms,jeans
177938582,27,bottoms,jeans
206287723,29,bottoms,shorts
167694508,9,bottoms,skirt
202275055,7,bottoms,skirt
102203355,27,bottoms,jeans
132708379,9,bottoms,skirt
173158700,237,bottoms,jeans
36451708,29,bottoms,shorts
146442606,27,bottoms,jeans
202618701,7,bottoms,skirt
184764851,27,bottoms,jeans
168786176,28,bottoms,pants
186064613,9,bottoms,skirt
207816827,239,bottoms,jeans
169707515,8,bottoms,skirt
174467589,29,bottoms,shorts
188737093,27,bottoms,jeans
124756131,9,bottoms,skirt
165674895,8,bottoms,skirt
194874463,240,bottoms,jeans
207073690,29,bottoms,shorts
153665515,8,bottoms,skirt
177783685,27,bottoms,jeans
175892229,237,bottoms,jeans
213404725,9,bottoms,skirt
150210525,237,bottoms,jeans
156369743,28,bottoms,pants
191963623,241,bottoms,pants
173409141,7,bottoms,skirt
144326269,237,bottoms,jeans
10530103,241,bottoms,pants
73160756,237,bottoms,jeans
118295431,240,bottoms,jeans
126320439,241,bottoms,pants
211848693,9,bottoms,skirt
180102318,7,bottoms,skirt
130995924,29,bottoms,shorts
157202787,9,bottoms,skirt
204076750,28,bottoms,pants
188706188,28,bottoms,pants
200343031,7,bottoms,skirt
183994399,237,bottoms,jeans
101879877,240,bottoms,jeans
181716690,9,bottoms,skirt
102413755,237,bottoms,jeans
174131198,8,bottoms,skirt
200043198,9,bottoms,skirt
142719854,27,bottoms,jeans
193111715,239,bottoms,jeans
148503407,240,bottoms,jeans
195515381,28,bottoms,pants
204752087,28,bottoms,pants
192969187,253,bottoms,sweatpants
178476502,29,bottoms,shorts
194989214,29,bottoms,shorts
205653759,28,bottoms,pants
148896018,237,bottoms,jeans
206817409,28,bottoms,pants
210401124,28,bottoms,pants
178821333,237,bottoms,jeans
109486049,240,bottoms,jeans
127076617,240,bottoms,jeans
148369479,237,bottoms,jeans
42768886,237,bottoms,jeans
183963132,237,bottoms,jeans
166273830,9,bottoms,skirt
147212316,9,bottoms,skirt
57042082,278,bottoms,male jeans
148826221,237,bottoms,jeans
171280339,28,bottoms,pants
201941196,29,bottoms,shorts
214698212,10,bottoms,long skirt
148326476,28,bottoms,pants
20381223,237,bottoms,jeans
181068468,8,bottoms,skirt
138974548,29,bottoms,shorts
209151302,27,bottoms,jeans
116484761,237,bottoms,jeans
164516874,332,bottoms,pants
211223428,240,bottoms,jeans
182745401,8,bottoms,skirt
209528183,10,bottoms,long skirt
165938047,9,bottoms,skirt
199244290,9,bottoms,skirt
174443767,237,bottoms,jeans
191470461,8,bottoms,skirt
173492779,29,bottoms,shorts
195696803,332,bottoms,pants
210301439,28,bottoms,pants
210095630,10,bottoms,long skirt
191288466,240,bottoms,jeans
211379507,7,bottoms,skirt
192357050,29,bottoms,shorts
192719850,8,bottoms,skirt
161073904,310,bottoms,jeans
133220337,237,bottoms,jeans
169525097,29,bottoms,shorts
184310737,237,bottoms,jeans
189489803,310,bottoms,jeans
194647995,9,bottoms,skirt
183733788,332,bottoms,pants
211488921,29,bottoms,shorts
181658221,240,bottoms,jeans
161304589,237,bottoms,jeans
190829535,28,bottoms,pants
156129675,237,bottoms,jeans
189186938,241,bottoms,pants
197988597,10,bottoms,long skirt
183415707,27,bottoms,jeans
143686831,28,bottoms,pants
195314265,29,bottoms,shorts
212239712,9,bottoms,skirt
190411958,240,bottoms,jeans
200032146,28,bottoms,pants
169594848,237,bottoms,jeans
15720766,310,bottoms,jeans
211087659,8,bottoms,skirt
208727018,29,bottoms,shorts
150264737,237,bottoms,jeans
172580116,27,bottoms,jeans
47372219,237,bottoms,jeans
196327922,8,bottoms,skirt
163605640,239,bottoms,jeans
193723472,9,bottoms,skirt
198506834,237,bottoms,jeans
165257669,253,bottoms,sweatpants
159330114,253,bottoms,sweatpants
211743539,29,bottoms,shorts
184915140,237,bottoms,jeans
211179794,29,bottoms,shorts
147533890,8,bottoms,skirt
26969858,237,bottoms,jeans
182141404,9,bottoms,skirt
179532478,9,bottoms,skirt
142385883,240,bottoms,jeans
164679282,237,bottoms,jeans
123374124,237,bottoms,jeans
173804281,7,bottoms,skirt
156926300,8,bottoms,skirt
145016479,8,bottoms,skirt
76077541,237,bottoms,jeans
193744383,27,bottoms,jeans
132493380,29,bottoms,shorts
40670460,28,bottoms,pants
193789183,27,bottoms,jeans
200623812,29,bottoms,shorts
92579171,27,bottoms,jeans
204550844,28,bottoms,pants
132590260,28,bottoms,pants
186152059,9,bottoms,skirt
178141183,9,bottoms,skirt
168979227,29,bottoms,shorts
188978784,28,bottoms,pants
209882105,9,bottoms,skirt
146826834,9,bottoms,skirt
204166979,29,bottoms,shorts
209143581,9,bottoms,skirt
166491750,237,bottoms,jeans
158767665,28,bottoms,pants
208228256,237,bottoms,jeans
145283060,9,bottoms,skirt
195401702,27,bottoms,jeans
193777926,9,bottoms,skirt
159582724,28,bottoms,pants
179026492,9,bottoms,skirt
202140512,27,bottoms,jeans
176283699,253,bottoms,sweatpants
164322597,29,bottoms,shorts
187821381,237,bottoms,jeans
70610153,28,bottoms,pants
200705769,7,bottoms,skirt
208952693,29,bottoms,shorts
213153924,27,bottoms,jeans
156256343,241,bottoms,pants
191643267,8,bottoms,skirt
191554072,253,bottoms,sweatpants
12130857,241,bottoms,pants
139354225,29,bottoms,shorts
204290696,9,bottoms,skirt
47392463,27,bottoms,jeans
134982997,29,bottoms,shorts
191903896,27,bottoms,jeans
196340356,9,bottoms,skirt
149181118,237,bottoms,jeans
204797736,8,bottoms,skirt
146458342,28,bottoms,pants
134599721,237,bottoms,jeans
196350870,237,bottoms,jeans
42874334,27,bottoms,jeans
166569512,240,bottoms,jeans
208648650,29,bottoms,shorts
177726247,237,bottoms,jeans
197355743,27,bottoms,jeans
213708449,29,bottoms,shorts
210647082,29,bottoms,shorts
201071570,28,bottoms,pants
162138942,28,bottoms,pants
162913259,241,bottoms,pants
169225763,237,bottoms,jeans
209545593,27,bottoms,jeans
197927670,29,bottoms,shorts
195640616,29,bottoms,shorts
205101226,8,bottoms,skirt
206194979,4452,bottoms,jeans
137646095,28,bottoms,pants
195437225,240,bottoms,jeans
175955049,241,bottoms,pants
120655796,9,bottoms,skirt
170780656,9,bottoms,skirt
79566342,237,bottoms,jeans
158329834,237,bottoms,jeans
160007335,237,bottoms,jeans
203929823,29,bottoms,shorts
154397958,9,bottoms,skirt
191635499,8,bottoms,skirt
205238316,239,bottoms,jeans
207772043,29,bottoms,shorts
132518631,29,bottoms,shorts
115599959,237,bottoms,jeans
146417575,240,bottoms,jeans
161101714,9,bottoms,skirt
203510653,8,bottoms,skirt
161233346,332,bottoms,pants
211147618,237,bottoms,jeans
133692891,8,bottoms,skirt
200253507,237,bottoms,jeans
195882210,9,bottoms,skirt
180589194,237,bottoms,jeans
126827617,9,bottoms,skirt
99599724,29,bottoms,shorts
154718492,237,bottoms,jeans
127379116,27,bottoms,jeans
127379115,27,bottoms,jeans
176565800,9,bottoms,skirt
121914990,240,bottoms,jeans
184481700,237,bottoms,jeans
121825328,28,bottoms,pants
127379098,27,bottoms,jeans
128689247,29,bottoms,shorts
212370292,8,bottoms,skirt
196867490,9,bottoms,skirt
125070319,237,bottoms,jeans
202729627,29,bottoms,shorts
199850638,237,bottoms,jeans
179319329,29,bottoms,shorts
140993761,28,bottoms,pants
194599145,29,bottoms,shorts
202424124,237,bottoms,jeans
163584044,332,bottoms,pants
209881254,8,bottoms,skirt
169722129,29,bottoms,shorts
204080549,237,bottoms,jeans
192402356,310,bottoms,jeans
82813962,240,bottoms,jeans
166527493,8,bottoms,skirt
149646038,27,bottoms,jeans
186175938,29,bottoms,shorts
135889017,10,bottoms,long skirt
164766402,237,bottoms,jeans
166367125,27,bottoms,jeans
163652050,9,bottoms,skirt
95322887,240,bottoms,jeans
183804350,8,bottoms,skirt
204467477,9,bottoms,skirt
172528503,237,bottoms,jeans
188746628,238,bottoms,jeans
188977857,27,bottoms,jeans
212332108,29,bottoms,shorts
177619057,29,bottoms,shorts
144210242,9,bottoms,skirt
164690478,29,bottoms,shorts
189576014,28,bottoms,pants
181263955,29,bottoms,shorts
170941128,9,bottoms,skirt
209475132,27,bottoms,jeans
129638429,241,bottoms,pants
213348646,240,bottoms,jeans
167799781,241,bottoms,pants
203575914,240,bottoms,jeans
181140607,28,bottoms,pants
125624471,237,bottoms,jeans
105688435,249,bottoms,pyjama pants
155010135,237,bottoms,jeans
115683391,237,bottoms,jeans
173676965,29,bottoms,shorts
149621267,28,bottoms,pants
196353166,27,bottoms,jeans
191635814,8,bottoms,skirt
204919435,29,bottoms,shorts
179047124,28,bottoms,pants
205251956,9,bottoms,skirt
111227517,237,bottoms,jeans
170463829,237,bottoms,jeans
85184184,241,bottoms,pants
145088583,237,bottoms,jeans
68159598,237,bottoms,jeans
212350063,29,bottoms,shorts
149775253,237,bottoms,jeans
170222893,237,bottoms,jeans
207721750,9,bottoms,skirt
210383494,28,bottoms,pants
189186579,8,bottoms,skirt
202286843,8,bottoms,skirt
209136780,29,bottoms,shorts
178342970,9,bottoms,skirt
189501284,29,bottoms,shorts
207814652,10,bottoms,long skirt
207890907,29,bottoms,shorts
201709795,8,bottoms,skirt
184711198,28,bottoms,pants
65450394,237,bottoms,jeans
211144868,29,bottoms,shorts
153243406,28,bottoms,pants
201535893,29,bottoms,shorts
183652611,239,bottoms,jeans
168257792,10,bottoms,long skirt
151974073,28,bottoms,pants
115295306,310,bottoms,jeans
169072066,27,bottoms,jeans
193237098,27,bottoms,jeans
184874827,29,bottoms,shorts
201150439,332,bottoms,pants
203950780,9,bottoms,skirt
205711596,27,bottoms,jeans
204259077,29,bottoms,shorts
185810336,27,bottoms,jeans
120648842,28,bottoms,pants
64500608,237,bottoms,jeans
160415898,8,bottoms,skirt
187893227,237,bottoms,jeans
181156496,237,bottoms,jeans
208162118,29,bottoms,shorts
154206178,7,bottoms,skirt
23412163,27,bottoms,jeans
179821440,28,bottoms,pants
193221384,28,bottoms,pants
208598861,332,bottoms,pants
211974006,27,bottoms,jeans
212716267,29,bottoms,shorts
195189784,28,bottoms,pants
157025522,29,bottoms,shorts
151012774,241,bottoms,pants
201020544,240,bottoms,jeans
128687580,29,bottoms,shorts
211706241,9,bottoms,skirt
192401231,9,bottoms,skirt
160553078,9,bottoms,skirt
198861600,237,bottoms,jeans
184777114,28,bottoms,pants
170595327,28,bottoms,pants
195299666,332,bottoms,pants
190487564,9,bottoms,skirt
205019273,27,bottoms,jeans
205681999,9,bottoms,skirt
173702879,28,bottoms,pants
165962010,8,bottoms,skirt
203885621,31,bottoms,swimsuit bottom
132528599,237,bottoms,jeans
91178542,9,bottoms,skirt
199548884,8,bottoms,skirt
168095048,332,bottoms,pants
38027560,237,bottoms,jeans
205426995,29,bottoms,shorts
215222063,4452,bottoms,jeans
173531524,9,bottoms,skirt
98002086,28,bottoms,pants
90190578,240,bottoms,jeans
195145062,28,bottoms,pants
154014238,8,bottoms,skirt
207229825,9,bottoms,skirt
183072612,29,bottoms,shorts
203516847,9,bottoms,skirt
208285040,8,bottoms,skirt
211259367,29,bottoms,shorts
144504823,241,bottoms,pants
158612480,240,bottoms,jeans
198079048,29,bottoms,shorts
181049500,253,bottoms,sweatpants
207099499,9,bottoms,skirt
169882344,28,bottoms,pants
209256617,237,bottoms,jeans
72930784,237,bottoms,jeans
174979397,27,bottoms,jeans
119704925,240,bottoms,jeans
133516503,278,bottoms,male jeans
181375175,28,bottoms,pants
170720675,241,bottoms,pants
179352168,332,bottoms,pants
177115624,28,bottoms,pants
208853899,240,bottoms,jeans
143038546,28,bottoms,pants
178800555,28,bottoms,pants
173526848,28,bottoms,pants
206367135,29,bottoms,shorts
114124212,240,bottoms,jeans
206237997,332,bottoms,pants
137612002,9,bottoms,skirt
171075043,9,bottoms,skirt
177611696,332,bottoms,pants
191496825,28,bottoms,pants
177865881,237,bottoms,jeans
129665271,310,bottoms,jeans
158921632,237,bottoms,jeans
176847060,29,bottoms,shorts
182353162,29,bottoms,shorts
180365348,9,bottoms,skirt
203933556,237,bottoms,jeans
197664413,29,bottoms,shorts
170618257,9,bottoms,skirt
133107508,9,bottoms,skirt
201718536,7,bottoms,skirt
205016394,28,bottoms,pants
154940272,240,bottoms,jeans
207096795,28,bottoms,pants
186735642,29,bottoms,shorts
142501611,332,bottoms,pants
163947262,28,bottoms,pants
183612626,310,bottoms,jeans
175728920,10,bottoms,long skirt
209198741,239,bottoms,jeans
192785491,241,bottoms,pants
195483574,332,bottoms,pants
208461134,28,bottoms,pants
177435711,28,bottoms,pants
114499573,237,bottoms,jeans
166530817,29,bottoms,shorts
193509461,28,bottoms,pants
185845647,237,bottoms,jeans
165794062,237,bottoms,jeans
133108529,9,bottoms,skirt
183725260,29,bottoms,shorts
96954859,240,bottoms,jeans
164448166,29,bottoms,shorts
192410131,9,bottoms,skirt
185834336,9,bottoms,skirt
96594859,237,bottoms,jeans
179773894,28,bottoms,pants
209186899,28,bottoms,pants
143141754,237,bottoms,jeans
160121541,29,bottoms,shorts
205724512,29,bottoms,shorts
212090459,28,bottoms,pants
201518244,9,bottoms,skirt
140430551,278,bottoms,male jeans
157446413,237,bottoms,jeans
196350061,27,bottoms,jeans
201252505,7,bottoms,skirt
208628886,332,bottoms,pants
194600253,27,bottoms,jeans
186950747,9,bottoms,skirt
188839174,9,bottoms,skirt
172478723,28,bottoms,pants
157884396,241,bottoms,pants
158230687,8,bottoms,skirt
50621804,237,bottoms,jeans
200791373,9,bottoms,skirt
88096729,253,bottoms,sweatpants
84435444,29,bottoms,shorts
169093403,28,bottoms,pants
197279026,29,bottoms,shorts
211951597,7,bottoms,skirt
202050179,29,bottoms,shorts
42768901,27,bottoms,jeans
71545997,237,bottoms,jeans
161129966,28,bottoms,pants
209175133,9,bottoms,skirt
201269486,28,bottoms,pants
179294407,332,bottoms,pants
193077829,27,bottoms,jeans
183234018,28,bottoms,pants
209214606,4518,bottoms,swimsuit bottom
172005202,8,bottoms,skirt
177600244,237,bottoms,jeans
161606824,9,bottoms,skirt
107998903,255,bottoms,shorts
177468148,237,bottoms,jeans
179049884,10,bottoms,long skirt
177465834,8,bottoms,skirt
101275734,240,bottoms,jeans
211497477,240,bottoms,jeans
209808819,237,bottoms,jeans
211584175,310,bottoms,jeans
205680863,9,bottoms,skirt
166986737,29,bottoms,shorts
208707094,28,bottoms,pants
152052649,237,bottoms,jeans
157960029,8,bottoms,skirt
178055688,9,bottoms,skirt
191564594,237,bottoms,jeans
196653071,28,bottoms,pants
161018664,4452,bottoms,jeans
214020027,29,bottoms,shorts
176110934,29,bottoms,shorts
161129486,27,bottoms,jeans
206298894,31,bottoms,swimsuit bottom
203366878,29,bottoms,shorts
147864539,28,bottoms,pants
214410047,9,bottoms,skirt
175302027,9,bottoms,skirt
209403690,237,bottoms,jeans
88048060,237,bottoms,jeans
204940047,29,bottoms,shorts
186009388,9,bottoms,skirt
161602421,237,bottoms,jeans
182883012,9,bottoms,skirt
186661927,8,bottoms,skirt
164252891,237,bottoms,jeans
189781765,28,bottoms,pants
187398362,27,bottoms,jeans
166184713,240,bottoms,jeans
176576530,237,bottoms,jeans
164481229,29,bottoms,shorts
202612160,29,bottoms,shorts
139777468,8,bottoms,skirt
189718010,9,bottoms,skirt
194510316,28,bottoms,pants
192747658,239,bottoms,jeans
127335219,237,bottoms,jeans
166917341,332,bottoms,pants
206342852,7,bottoms,skirt
142506882,28,bottoms,pants
206271511,29,bottoms,shorts
53455910,29,bottoms,shorts
195491288,28,bottoms,pants
181836903,8,bottoms,skirt
207106186,29,bottoms,shorts
195372366,27,bottoms,jeans
213084962,29,bottoms,shorts
191577607,29,bottoms,shorts
139889497,237,bottoms,jeans
198506103,27,bottoms,jeans
189318500,28,bottoms,pants
199455668,28,bottoms,pants
200886508,28,bottoms,pants
207560000,9,bottoms,skirt
174008996,8,bottoms,skirt
166247971,7,bottoms,skirt
174638721,29,bottoms,shorts
196774732,237,bottoms,jeans
189886743,237,bottoms,jeans
205648765,29,bottoms,shorts
150894162,240,bottoms,jeans
38028195,237,bottoms,jeans
188402002,240,bottoms,jeans
125300338,10,bottoms,long skirt
200498446,9,bottoms,skirt
209429126,29,bottoms,shorts
191896412,237,bottoms,jeans
215209491,29,bottoms,shorts
177084959,240,bottoms,jeans
162936455,9,bottoms,skirt
206372186,29,bottoms,shorts
148616049,9,bottoms,skirt
171491988,240,bottoms,jeans
175772826,8,bottoms,skirt
195924838,239,bottoms,jeans
182683504,8,bottoms,skirt
78879882,237,bottoms,jeans
117488893,237,bottoms,jeans
162803654,9,bottoms,skirt
169605383,278,bottoms,male jeans
4955823,237,bottoms,jeans
174100841,253,bottoms,sweatpants
204786654,28,bottoms,pants
164806207,29,bottoms,shorts
2221837,240,bottoms,jeans
215747212,240,bottoms,jeans
205633937,10,bottoms,long skirt
175570422,29,bottoms,shorts
413558,237,bottoms,jeans
206005381,28,bottoms,pants
138000089,28,bottoms,pants
210838477,29,bottoms,shorts
215208803,7,bottoms,skirt
152682815,29,bottoms,shorts
209485419,29,bottoms,shorts
157874710,9,bottoms,skirt
75205559,237,bottoms,jeans
209733941,7,bottoms,skirt
173377784,9,bottoms,skirt
200155429,27,bottoms,jeans
209268079,29,bottoms,shorts
201914213,29,bottoms,shorts
169172781,7,bottoms,skirt
144536233,27,bottoms,jeans
194823169,237,bottoms,jeans
208816674,237,bottoms,jeans
200671857,29,bottoms,shorts
209990547,237,bottoms,jeans
156825619,240,bottoms,jeans
192633134,240,bottoms,jeans
177309131,29,bottoms,shorts
199667814,237,bottoms,jeans
193626405,8,bottoms,skirt
192658352,27,bottoms,jeans
141429154,29,bottoms,shorts
118529231,7,bottoms,skirt
187147859,237,bottoms,jeans
188607234,237,bottoms,jeans
169390450,310,bottoms,jeans
148646223,237,bottoms,jeans
207733072,28,bottoms,pants
211888121,27,bottoms,jeans
188766887,9,bottoms,skirt
68548024,241,bottoms,pants
187957744,240,bottoms,jeans
133403005,9,bottoms,skirt
162026684,29,bottoms,shorts
203378013,9,bottoms,skirt
215038141,237,bottoms,jeans
191649158,310,bottoms,jeans
209917762,9,bottoms,skirt
206821207,27,bottoms,jeans
210630806,29,bottoms,shorts
132125874,237,bottoms,jeans
200036157,8,bottoms,skirt
129885909,237,bottoms,jeans
209331908,29,bottoms,shorts
162303049,9,bottoms,skirt
112127357,27,bottoms,jeans
148823416,28,bottoms,pants
160815383,240,bottoms,jeans
177137214,29,bottoms,shorts
193707347,28,bottoms,pants
144413221,9,bottoms,skirt
203672730,9,bottoms,skirt
187528367,237,bottoms,jeans
206069619,29,bottoms,shorts
205509513,29,bottoms,shorts
211728352,29,bottoms,shorts
149999590,240,bottoms,jeans
181569082,9,bottoms,skirt
179994746,28,bottoms,pants
200031183,27,bottoms,jeans
170072312,237,bottoms,jeans
150967968,241,bottoms,pants
156530079,9,bottoms,skirt
202344083,27,bottoms,jeans
67787166,240,bottoms,jeans
193075013,28,bottoms,pants
184366079,237,bottoms,jeans
192088366,7,bottoms,skirt
209856035,29,bottoms,shorts
88862782,240,bottoms,jeans
133362647,240,bottoms,jeans
205814389,9,bottoms,skirt
148217595,9,bottoms,skirt
144430305,8,bottoms,skirt
195250742,240,bottoms,jeans
163031704,7,bottoms,skirt
134768151,240,bottoms,jeans
185600551,241,bottoms,pants
131666373,27,bottoms,jeans
158724115,237,bottoms,jeans
114761991,7,bottoms,skirt
25726788,28,bottoms,pants
195858003,237,bottoms,jeans
170432189,9,bottoms,skirt
193955197,253,bottoms,sweatpants
200311672,29,bottoms,shorts
204383665,27,bottoms,jeans
188013582,29,bottoms,shorts
211041582,240,bottoms,jeans
213085090,27,bottoms,jeans
207065275,332,bottoms,pants
201653854,29,bottoms,shorts
199251974,7,bottoms,skirt
144348331,4452,bottoms,jeans
147012317,237,bottoms,jeans
205068899,237,bottoms,jeans
137150065,29,bottoms,shorts
140617774,310,bottoms,jeans
13013911,27,bottoms,jeans
128993470,27,bottoms,jeans
189731796,28,bottoms,pants
194872033,239,bottoms,jeans
207217408,29,bottoms,shorts
164565308,7,bottoms,skirt
187329463,237,bottoms,jeans
195871460,27,bottoms,jeans
187543786,27,bottoms,jeans
188798821,9,bottoms,skirt
213454710,29,bottoms,shorts
169569173,240,bottoms,jeans
156752604,237,bottoms,jeans
178947815,27,bottoms,jeans
142704310,237,bottoms,jeans
172842467,332,bottoms,pants
100520481,28,bottoms,pants
157021907,29,bottoms,shorts
191498933,27,bottoms,jeans
205750903,240,bottoms,jeans
145647063,28,bottoms,pants
198143508,29,bottoms,shorts
212068642,28,bottoms,pants
182240020,240,bottoms,jeans
193464105,237,bottoms,jeans
159777887,27,bottoms,jeans
205665069,237,bottoms,jeans
146380388,9,bottoms,skirt
181152476,237,bottoms,jeans
195879510,28,bottoms,pants
188856803,241,bottoms,pants
176960448,8,bottoms,skirt
205033697,29,bottoms,shorts
168357364,29,bottoms,shorts
83274378,27,bottoms,jeans
209909860,8,bottoms,skirt
206270607,27,bottoms,jeans
187483323,237,bottoms,jeans
201890557,29,bottoms,shorts
191586264,29,bottoms,shorts
121101119,237,bottoms,jeans
209532448,28,bottoms,pants
179194702,27,bottoms,jeans
189834308,241,bottoms,pants
111170369,237,bottoms,jeans
154469787,237,bottoms,jeans
211838329,8,bottoms,skirt
16673848,27,bottoms,jeans
127869157,241,bottoms,pants
197791553,238,bottoms,jeans
196623014,8,bottoms,skirt
151263056,28,bottoms,pants
76959589,240,bottoms,jeans
186870738,9,bottoms,skirt
146413151,237,bottoms,jeans
207861786,237,bottoms,jeans
190241311,237,bottoms,jeans
175688979,240,bottoms,jeans
213083867,29,bottoms,shorts
196206280,9,bottoms,skirt
187006809,310,bottoms,jeans
176788510,241,bottoms,pants
196298296,9,bottoms,skirt
206809631,29,bottoms,shorts
89819283,241,bottoms,pants
195521179,241,bottoms,pants
177108375,29,bottoms,shorts
211020738,29,bottoms,shorts
209732880,9,bottoms,skirt
208584957,237,bottoms,jeans
208214327,27,bottoms,jeans
190875340,8,bottoms,skirt
148328475,237,bottoms,jeans
42357145,28,bottoms,pants
127379154,310,bottoms,jeans
118704130,29,bottoms,shorts
214614638,239,bottoms,jeans
106122658,29,bottoms,shorts
171820080,237,bottoms,jeans
182440435,237,bottoms,jeans
128454129,29,bottoms,shorts
103500571,28,bottoms,pants
181298080,332,bottoms,pants
133516519,278,bottoms,male jeans
206367128,29,bottoms,shorts
192660189,27,bottoms,jeans
205653676,28,bottoms,pants
179103801,9,bottoms,skirt
149618237,9,bottoms,skirt
214699472,29,bottoms,shorts
213944669,9,bottoms,skirt
203941741,237,bottoms,jeans
164365476,29,bottoms,shorts
209694658,9,bottoms,skirt
165571177,29,bottoms,shorts
177509842,9,bottoms,skirt
204086710,241,bottoms,pants
205082711,29,bottoms,shorts
190080436,29,bottoms,shorts
186596636,27,bottoms,jeans
209169220,9,bottoms,skirt
176100072,4452,bottoms,jeans
195160866,9,bottoms,skirt
138881753,332,bottoms,pants
191486343,28,bottoms,pants
197770532,9,bottoms,skirt
193683028,237,bottoms,jeans
176097722,241,bottoms,pants
140395723,27,bottoms,jeans
206233559,9,bottoms,skirt
206233552,29,bottoms,shorts
118133081,28,bottoms,pants
179659968,240,bottoms,jeans
115196190,237,bottoms,jeans
154588377,237,bottoms,jeans
174219577,9,bottoms,skirt
139557649,29,bottoms,shorts
169964732,237,bottoms,jeans
126862842,253,bottoms,sweatpants
38549935,28,bottoms,pants
160064166,27,bottoms,jeans
211470188,237,bottoms,jeans
179090051,28,bottoms,pants
193173165,8,bottoms,skirt
191554214,27,bottoms,jeans
149103454,237,bottoms,jeans
170913910,28,bottoms,pants
140629394,9,bottoms,skirt
194137235,241,bottoms,pants
193313093,237,bottoms,jeans
164449514,27,bottoms,jeans
159818445,27,bottoms,jeans
184982639,310,bottoms,jeans
119662088,240,bottoms,jeans
178333427,237,bottoms,jeans
206889628,241,bottoms,pants
102283879,27,bottoms,jeans
181332735,8,bottoms,skirt
195553937,332,bottoms,pants
199723857,237,bottoms,jeans
200191656,27,bottoms,jeans
186147087,9,bottoms,skirt
103708902,240,bottoms,jeans
171800867,8,bottoms,skirt
201603670,29,bottoms,shorts
197564561,332,bottoms,pants
134703985,9,bottoms,skirt
192304171,240,bottoms,jeans
210269580,29,bottoms,shorts
155914926,9,bottoms,skirt
163639695,8,bottoms,skirt
159577969,237,bottoms,jeans
52392005,27,bottoms,jeans
206268985,29,bottoms,shorts
140005331,9,bottoms,skirt
202733438,27,bottoms,jeans
149558918,240,bottoms,jeans
57950296,27,bottoms,jeans
184097498,9,bottoms,skirt
120060690,237,bottoms,jeans
213332310,240,bottoms,jeans
207114575,28,bottoms,pants
199365295,237,bottoms,jeans
200791425,237,bottoms,jeans
181356629,27,bottoms,jeans
201065294,237,bottoms,jeans
188811712,240,bottoms,jeans
211489236,239,bottoms,jeans
192592256,27,bottoms,jeans
209474480,237,bottoms,jeans
179820764,237,bottoms,jeans
61811575,28,bottoms,pants
149183327,8,bottoms,skirt
146410377,241,bottoms,pants
204349723,9,bottoms,skirt
189500058,28,bottoms,pants
188223203,27,bottoms,jeans
173694350,239,bottoms,jeans
176516051,237,bottoms,jeans
197594332,9,bottoms,skirt
184478646,9,bottoms,skirt
63795135,27,bottoms,jeans
188682397,7,bottoms,skirt
185170529,332,bottoms,pants
212786402,10,bottoms,long skirt
171332602,29,bottoms,shorts
211301385,8,bottoms,skirt
186931880,241,bottoms,pants
151578411,240,bottoms,jeans
204582465,7,bottoms,skirt
185232039,27,bottoms,jeans
203933097,29,bottoms,shorts
153999167,249,bottoms,pyjama pants
194318486,28,bottoms,pants
140599624,29,bottoms,shorts
206152012,8,bottoms,skirt
214249812,9,bottoms,skirt
199575806,9,bottoms,skirt
195340662,240,bottoms,jeans
139269134,240,bottoms,jeans
214322412,238,bottoms,jeans
73488696,27,bottoms,jeans
103611599,237,bottoms,jeans
162246713,237,bottoms,jeans
210773219,9,bottoms,skirt
162135492,237,bottoms,jeans
177876702,29,bottoms,shorts
174431417,28,bottoms,pants
196671946,29,bottoms,shorts
209266093,29,bottoms,shorts
166047048,9,bottoms,skirt
157851550,237,bottoms,jeans
201895010,240,bottoms,jeans
200676145,27,bottoms,jeans
206294750,29,bottoms,shorts
103177434,28,bottoms,pants
200482758,29,bottoms,shorts
189572751,9,bottoms,skirt
189263632,9,bottoms,skirt
172591117,29,bottoms,shorts
196054590,237,bottoms,jeans
200029711,9,bottoms,skirt
119287710,8,bottoms,skirt
187504608,240,bottoms,jeans
121022062,28,bottoms,pants
183283550,9,bottoms,skirt
152219743,27,bottoms,jeans
42874797,27,bottoms,jeans
179660718,28,bottoms,pants
191625773,9,bottoms,skirt
202061504,29,bottoms,shorts
206523623,9,bottoms,skirt
206630888,29,bottoms,shorts
195857701,240,bottoms,jeans
182418281,27,bottoms,jeans
201891088,29,bottoms,shorts
62489981,28,bottoms,pants
116410270,241,bottoms,pants
169594806,29,bottoms,shorts
198336932,8,bottoms,skirt
154960331,237,bottoms,jeans
158803030,237,bottoms,jeans
204175219,239,bottoms,jeans
148585318,28,bottoms,pants
197520600,237,bottoms,jeans
213416238,29,bottoms,shorts
172422116,237,bottoms,jeans
199496909,9,bottoms,skirt
133508190,29,bottoms,shorts
196938933,237,bottoms,jeans
210658622,10,bottoms,long skirt
158196407,237,bottoms,jeans
191314051,240,bottoms,jeans
127675510,9,bottoms,skirt
195029145,28,bottoms,pants
144803640,237,bottoms,jeans
186532523,237,bottoms,jeans
145122166,28,bottoms,pants
198616538,28,bottoms,pants
189144234,241,bottoms,pants
212738569,9,bottoms,skirt
196880714,240,bottoms,jeans
163496331,28,bottoms,pants
178545066,8,bottoms,skirt
168113511,29,bottoms,shorts
61063249,237,bottoms,jeans
66944930,237,bottoms,jeans
196425397,29,bottoms,shorts
193334618,8,bottoms,skirt
137704554,240,bottoms,jeans
173534153,8,bottoms,skirt
154974241,240,bottoms,jeans
187336125,8,bottoms,skirt
199466780,28,bottoms,pants
183639308,310,bottoms,jeans
143692499,9,bottoms,skirt
168703206,7,bottoms,skirt
201909778,27,bottoms,jeans
128372621,28,bottoms,pants
198891373,29,bottoms,shorts
138017153,9,bottoms,skirt
204925550,4452,bottoms,jeans
207267138,8,bottoms,skirt
162812916,9,bottoms,skirt
207780931,28,bottoms,pants
180085906,28,bottoms,pants
168058984,332,bottoms,pants
212846398,28,bottoms,pants
195515325,28,bottoms,pants
167795246,240,bottoms,jeans
194513999,8,bottoms,skirt
150114257,237,bottoms,jeans
42554390,28,bottoms,pants
170997038,332,bottoms,pants
135753853,10,bottoms,long skirt
205086017,29,bottoms,shorts
175008318,8,bottoms,skirt
207779817,9,bottoms,skirt
197183532,241,bottoms,pants
213530808,28,bottoms,pants
158953746,8,bottoms,skirt
172479511,9,bottoms,skirt
181658188,237,bottoms,jeans
86479203,29,bottoms,shorts
137033486,237,bottoms,jeans
183722958,9,bottoms,skirt
173809000,9,bottoms,skirt
147900594,9,bottoms,skirt
153050647,241,bottoms,pants
133244171,253,bottoms,sweatpants
202997370,29,bottoms,shorts
117928951,27,bottoms,jeans
173888489,29,bottoms,shorts
169733086,29,bottoms,shorts
147846342,237,bottoms,jeans
181738641,8,bottoms,skirt
212007139,9,bottoms,skirt
190975943,332,bottoms,pants
203171325,237,bottoms,jeans
165586253,29,bottoms,shorts
177184787,29,bottoms,shorts
178356328,9,bottoms,skirt
205826957,237,bottoms,jeans
131112707,237,bottoms,jeans
178931680,241,bottoms,pants
173673812,237,bottoms,jeans
193392397,9,bottoms,skirt
177774637,29,bottoms,shorts
204623792,28,bottoms,pants
208603532,29,bottoms,shorts
200822644,28,bottoms,pants
160829392,4452,bottoms,jeans
126951677,29,bottoms,shorts
189548434,237,bottoms,jeans
192903101,28,bottoms,pants
195294748,28,bottoms,pants
203741771,9,bottoms,skirt
163428222,332,bottoms,pants
192401744,240,bottoms,jeans
165431392,27,bottoms,jeans
152644184,237,bottoms,jeans
183340699,28,bottoms,pants
161794465,241,bottoms,pants
206262260,9,bottoms,skirt
147936081,240,bottoms,jeans
191907157,28,bottoms,pants
197506808,237,bottoms,jeans
205500207,8,bottoms,skirt
179174856,28,bottoms,pants
89352496,29,bottoms,shorts
195590627,240,bottoms,jeans
150919630,8,bottoms,skirt
173253633,240,bottoms,jeans
203584384,8,bottoms,skirt
132121666,27,bottoms,jeans
215210814,10,bottoms,long skirt
144159254,9,bottoms,skirt
206998554,9,bottoms,skirt
190549458,8,bottoms,skirt
178131852,241,bottoms,pants
140503450,237,bottoms,jeans
201982343,4452,bottoms,jeans
169032771,8,bottoms,skirt
183486674,8,bottoms,skirt
201860548,29,bottoms,shorts
207098779,9,bottoms,skirt
146422714,241,bottoms,pants
89615083,237,bottoms,jeans
169720698,29,bottoms,shorts
156129753,240,bottoms,jeans
178810032,237,bottoms,jeans
148173150,9,bottoms,skirt
163787819,8,bottoms,skirt
204375846,9,bottoms,skirt
209157647,28,bottoms,pants
178929816,9,bottoms,skirt
191548653,241,bottoms,pants
189279143,237,bottoms,jeans
196681667,29,bottoms,shorts
193092416,249,bottoms,pyjama pants
195080649,237,bottoms,jeans
154504264,238,bottoms,jeans
213369720,27,bottoms,jeans
67492191,237,bottoms,jeans
129096070,237,bottoms,jeans
188803082,9,bottoms,skirt
76069059,240,bottoms,jeans
149636852,8,bottoms,skirt
209425310,10,bottoms,long skirt
195717607,9,bottoms,skirt
201332334,9,bottoms,skirt
177431402,237,bottoms,jeans
139072890,29,bottoms,shorts
40169364,28,bottoms,pants
165686955,9,bottoms,skirt
160715125,27,bottoms,jeans
182055692,27,bottoms,jeans
187974581,27,bottoms,jeans
187398414,27,bottoms,jeans
180718836,240,bottoms,jeans
138833628,240,bottoms,jeans
192989325,9,bottoms,skirt
103655646,237,bottoms,jeans
194158430,28,bottoms,pants
141816468,332,bottoms,pants
182557131,9,bottoms,skirt
171928897,249,bottoms,pyjama pants
204154025,28,bottoms,pants
210977041,27,bottoms,jeans
194862906,241,bottoms,pants
163591827,28,bottoms,pants
77401888,237,bottoms,jeans
170213262,241,bottoms,pants
212082772,28,bottoms,pants
211818290,28,bottoms,pants
202393818,10,bottoms,long skirt
140455574,8,bottoms,skirt
185256499,28,bottoms,pants
173794638,27,bottoms,jeans
197306482,28,bottoms,pants
202738792,9,bottoms,skirt
206194078,332,bottoms,pants
207087427,9,bottoms,skirt
211056955,29,bottoms,shorts
160597035,332,bottoms,pants
174570005,29,bottoms,shorts
158878031,237,bottoms,jeans
163437889,9,bottoms,skirt
194255590,29,bottoms,shorts
195951552,28,bottoms,pants
120603601,7,bottoms,skirt
204951128,237,bottoms,jeans
122993131,241,bottoms,pants
181581098,9,bottoms,skirt
194498259,9,bottoms,skirt
178782478,9,bottoms,skirt
81548172,237,bottoms,jeans
187519505,27,bottoms,jeans
171702110,9,bottoms,skirt
192334126,28,bottoms,pants
180658418,7,bottoms,skirt
174723281,29,bottoms,shorts
169061745,332,bottoms,pants
203821549,9,bottoms,skirt
173797224,29,bottoms,shorts
174042707,332,bottoms,pants
174977099,29,bottoms,shorts
204585566,237,bottoms,jeans
141343308,237,bottoms,jeans
160842152,237,bottoms,jeans
170234323,9,bottoms,skirt
207764796,332,bottoms,pants
180357653,332,bottoms,pants
157106154,237,bottoms,jeans
205301307,332,bottoms,pants
158761004,240,bottoms,jeans
206003200,29,bottoms,shorts
208927645,29,bottoms,shorts
165778729,27,bottoms,jeans
156903966,9,bottoms,skirt
172266290,9,bottoms,skirt
184548913,9,bottoms,skirt
209166700,28,bottoms,pants
161849118,9,bottoms,skirt
171138181,9,bottoms,skirt
171970324,241,bottoms,pants
4308706,237,bottoms,jeans
140963877,241,bottoms,pants
167065041,237,bottoms,jeans
188194803,241,bottoms,pants
84172823,29,bottoms,shorts
172544698,237,bottoms,jeans
151157737,28,bottoms,pants
176335532,237,bottoms,jeans
172481092,29,bottoms,shorts
83269610,27,bottoms,jeans
182574018,237,bottoms,jeans
192749867,9,bottoms,skirt
197279231,29,bottoms,shorts
191528720,253,bottoms,sweatpants
161361175,237,bottoms,jeans
198249149,332,bottoms,pants
181269073,29,bottoms,shorts
197891270,9,bottoms,skirt
172324030,28,bottoms,pants
183050055,237,bottoms,jeans
211874343,29,bottoms,shorts
167674995,237,bottoms,jeans
112654374,28,bottoms,pants
176739057,29,bottoms,shorts
176615892,29,bottoms,shorts
210471160,8,bottoms,skirt
206233572,29,bottoms,shorts
151722587,9,bottoms,skirt
134196497,237,bottoms,jeans
138005226,10,bottoms,long skirt
179845362,9,bottoms,skirt
202157748,29,bottoms,shorts
207617148,27,bottoms,jeans
173227059,237,bottoms,jeans
197390489,29,bottoms,shorts
186512657,28,bottoms,pants
197166685,278,bottoms,male jeans
170074137,9,bottoms,skirt
162214666,237,bottoms,jeans
182436092,28,bottoms,pants
204265081,310,bottoms,jeans
201607594,237,bottoms,jeans
7024361,237,bottoms,jeans
171475104,29,bottoms,shorts
187982769,9,bottoms,skirt
168104088,28,bottoms,pants
167242323,8,bottoms,skirt
195684635,9,bottoms,skirt
172047598,27,bottoms,jeans
195490581,9,bottoms,skirt
189156344,237,bottoms,jeans
194381380,9,bottoms,skirt
205058097,8,bottoms,skirt
151492364,240,bottoms,jeans
160986564,8,bottoms,skirt
168448079,332,bottoms,pants
177355915,9,bottoms,skirt
166025161,239,bottoms,jeans
191819376,237,bottoms,jeans
191819378,237,bottoms,jeans
191321451,27,bottoms,jeans
193092536,240,bottoms,jeans
205665048,29,bottoms,shorts
171172273,332,bottoms,pants
209865263,9,bottoms,skirt
195570424,10,bottoms,long skirt
209214927,29,bottoms,shorts
159469221,28,bottoms,pants
191628922,237,bottoms,jeans
203932828,237,bottoms,jeans
199775990,29,bottoms,shorts
152529539,237,bottoms,jeans
198602565,29,bottoms,shorts
106440605,237,bottoms,jeans
706400,237,bottoms,jeans
214574957,28,bottoms,pants
162887703,29,bottoms,shorts
197920093,7,bottoms,skirt
15507079,240,bottoms,jeans
190549441,241,bottoms,pants
96086948,27,bottoms,jeans
204176669,28,bottoms,pants
178342913,10,bottoms,long skirt
109406482,237,bottoms,jeans
172373814,240,bottoms,jeans
201896378,9,bottoms,skirt
164335309,237,bottoms,jeans
211015673,29,bottoms,shorts
204903876,28,bottoms,pants
212930532,9,bottoms,skirt
154313255,240,bottoms,jeans
156063795,29,bottoms,shorts
212498286,9,bottoms,skirt
127379086,27,bottoms,jeans
202061731,29,bottoms,shorts
147280189,8,bottoms,skirt
181237556,310,bottoms,jeans
205257198,332,bottoms,pants
199946430,27,bottoms,jeans
102927697,27,bottoms,jeans
180518546,4452,bottoms,jeans
214614949,9,bottoms,skirt
210630716,29,bottoms,shorts
171575520,28,bottoms,pants
145299000,237,bottoms,jeans
195933627,237,bottoms,jeans
166054365,29,bottoms,shorts
86160315,27,bottoms,jeans
165422242,10,bottoms,long skirt
210269705,28,bottoms,pants
171826699,240,bottoms,jeans
175307740,28,bottoms,pants
146235036,28,bottoms,pants
133046492,237,bottoms,jeans
117654150,240,bottoms,jeans
158581231,237,bottoms,jeans
196473603,9,bottoms,skirt
176892142,9,bottoms,skirt
172876189,28,bottoms,pants
192479487,28,bottoms,pants
205176428,9,bottoms,skirt
163261417,237,bottoms,jeans
140925370,9,bottoms,skirt
202730327,332,bottoms,pants
182029439,9,bottoms,skirt
176513337,240,bottoms,jeans
143853730,9,bottoms,skirt
177292461,7,bottoms,skirt
189758835,237,bottoms,jeans
168372950,29,bottoms,shorts
180432935,7,bottoms,skirt
208670163,9,bottoms,skirt
86263750,28,bottoms,pants
213083773,9,bottoms,skirt
108857942,237,bottoms,jeans
49536524,7,bottoms,skirt
211347621,29,bottoms,shorts
194155650,237,bottoms,jeans
183197211,8,bottoms,skirt
198631340,8,bottoms,skirt
207096769,28,bottoms,pants
154937089,237,bottoms,jeans
182653339,9,bottoms,skirt
174643191,10,bottoms,long skirt
171611549,29,bottoms,shorts
168517174,249,bottoms,pyjama pants
181140596,28,bottoms,pants
192405348,28,bottoms,pants
121054782,29,bottoms,shorts
194691250,237,bottoms,jeans
208172340,28,bottoms,pants
200034069,8,bottoms,skirt
207864140,9,bottoms,skirt
188188021,8,bottoms,skirt
194618087,27,bottoms,jeans
203714508,28,bottoms,pants
207772286,27,bottoms,jeans
118004657,237,bottoms,jeans
209720846,9,bottoms,skirt
173439148,237,bottoms,jeans
210843086,9,bottoms,skirt
194748170,237,bottoms,jeans
53499082,310,bottoms,jeans
189811035,237,bottoms,jeans
185478477,237,bottoms,jeans
166150242,29,bottoms,shorts
205235069,237,bottoms,jeans
160272692,10,bottoms,long skirt
203923310,237,bottoms,jeans
209502828,237,bottoms,jeans
187797662,240,bottoms,jeans
190239310,27,bottoms,jeans
185422056,237,bottoms,jeans
16929797,29,bottoms,shorts
194642565,9,bottoms,skirt
187084392,8,bottoms,skirt
193437965,9,bottoms,skirt
170654676,27,bottoms,jeans
179108333,9,bottoms,skirt
196689508,240,bottoms,jeans
130185101,240,bottoms,jeans
208636827,28,bottoms,pants
211453727,29,bottoms,shorts
143845349,29,bottoms,shorts
150194222,27,bottoms,jeans
178813949,9,bottoms,skirt
19371412,29,bottoms,shorts
65667916,240,bottoms,jeans
169858857,237,bottoms,jeans
185402068,29,bottoms,shorts
210709457,28,bottoms,pants
145707619,237,bottoms,jeans
204074712,29,bottoms,shorts
204125684,29,bottoms,shorts
143337869,237,bottoms,jeans
154960861,240,bottoms,jeans
213382476,9,bottoms,skirt
141812086,7,bottoms,skirt
172701291,29,bottoms,shorts
172528424,237,bottoms,jeans
207722756,29,bottoms,shorts
206423312,237,bottoms,jeans
209194668,29,bottoms,shorts
195394650,9,bottoms,skirt
214758802,9,bottoms,skirt
134810134,237,bottoms,jeans
208795491,237,bottoms,jeans
152511037,237,bottoms,jeans
151953698,237,bottoms,jeans
197367694,29,bottoms,shorts
142786350,27,bottoms,jeans
183985853,237,bottoms,jeans
196340198,29,bottoms,shorts
160231463,10,bottoms,long skirt
179045918,9,bottoms,skirt
206780495,9,bottoms,skirt
209908621,332,bottoms,pants
195534873,8,bottoms,skirt
203685476,332,bottoms,pants
205757826,27,bottoms,jeans
162762742,28,bottoms,pants
150194134,237,bottoms,jeans
139418265,29,bottoms,shorts
121592571,241,bottoms,pants
148744993,28,bottoms,pants
202225297,28,bottoms,pants
199606009,9,bottoms,skirt
203952464,9,bottoms,skirt
205991534,9,bottoms,skirt
124601204,9,bottoms,skirt
189785413,27,bottoms,jeans
134951091,29,bottoms,shorts
194507106,27,bottoms,jeans
195111470,237,bottoms,jeans
199526800,29,bottoms,shorts
181888559,332,bottoms,pants
184007518,8,bottoms,skirt
209502992,310,bottoms,jeans
149822220,28,bottoms,pants
210266695,29,bottoms,shorts
183043824,9,bottoms,skirt
162418536,9,bottoms,skirt
145908035,237,bottoms,jeans
201615662,29,bottoms,shorts
199769821,310,bottoms,jeans
195528161,27,bottoms,jeans
178224557,240,bottoms,jeans
198078007,237,bottoms,jeans
209951468,27,bottoms,jeans
200432223,29,bottoms,shorts
177355923,29,bottoms,shorts
162715574,27,bottoms,jeans
176864259,28,bottoms,pants
195809554,28,bottoms,pants
150919755,7,bottoms,skirt
151539200,237,bottoms,jeans
207033777,240,bottoms,jeans
209639405,29,bottoms,shorts
195624809,9,bottoms,skirt
188791749,27,bottoms,jeans
166875572,9,bottoms,skirt
170552164,10,bottoms,long skirt
163591851,28,bottoms,pants
98630205,9,bottoms,skirt
203163453,8,bottoms,skirt
188839246,8,bottoms,skirt
168390444,332,bottoms,pants
166184798,29,bottoms,shorts
205826202,29,bottoms,shorts
213023229,27,bottoms,jeans
214321243,29,bottoms,shorts
173750669,28,bottoms,pants
204121393,241,bottoms,pants
106664407,253,bottoms,sweatpants
188007967,27,bottoms,jeans
173664271,29,bottoms,shorts
204427661,27,bottoms,jeans
210245761,9,bottoms,skirt
210410232,29,bottoms,shorts
167065017,240,bottoms,jeans
205327390,8,bottoms,skirt
112857696,237,bottoms,jeans
185978296,241,bottoms,pants
101295932,8,bottoms,skirt
176820568,8,bottoms,skirt
210562555,28,bottoms,pants
199267985,28,bottoms,pants
174763370,29,bottoms,shorts
192701003,237,bottoms,jeans
129865157,9,bottoms,skirt
175208330,240,bottoms,jeans
174531396,7,bottoms,skirt
172549146,253,bottoms,sweatpants
75723548,27,bottoms,jeans
160768960,9,bottoms,skirt
144346451,28,bottoms,pants
157211511,237,bottoms,jeans
177406453,237,bottoms,jeans
188807437,7,bottoms,skirt
208818386,8,bottoms,skirt
187979971,28,bottoms,pants
63436061,241,bottoms,pants
192356452,9,bottoms,skirt
154230510,237,bottoms,jeans
202571801,237,bottoms,jeans
160051073,332,bottoms,pants
165695303,241,bottoms,pants
167889025,237,bottoms,jeans
119743477,27,bottoms,jeans
154960537,237,bottoms,jeans
133457135,29,bottoms,shorts
197051319,237,bottoms,jeans
183951713,241,bottoms,pants
102203301,27,bottoms,jeans
200243995,237,bottoms,jeans
191243535,237,bottoms,jeans
214574990,28,bottoms,pants
163457314,332,bottoms,pants
200154162,29,bottoms,shorts
211162106,29,bottoms,shorts
172375933,28,bottoms,pants
179485370,9,bottoms,skirt
185083512,28,bottoms,pants
89473215,27,bottoms,jeans
127379019,27,bottoms,jeans
195895992,9,bottoms,skirt
208531113,28,bottoms,pants
211654437,9,bottoms,skirt
176847776,4452,bottoms,jeans
